Date/Time,Temp_C,Dew Point Temp_C,Rel Hum_%,Wind Speed_km/h,Visibility_km,Press_kPa,Weather
01-01-2012 00:00,-1.8,-3.9,86,4,8,101.24,Fog
01-01-2012 01:00,-1.8,-3.7,87,4,8,101.24,Fog
01-01-2012 02:00,-1.8,-3.4,89,7,4,101.26,"Freezing Drizzle,Fog"
01-01-2012 03:00,-1.5,-3.2,88,6,4,101.27,"Freezing Drizzle,Fog"
01-01-2012 04:00,-1.5,-3.3,88,7,4.8,101.23,Fog
01-01-2012 05:00,-1.4,-3.3,87,9,6.4,101.27,Fog
01-01-2012 06:00,-1.5,-3.1,89,7,6.4,101.29,Fog
01-01-2012 07:00,-1.4,-3.6,85,7,8,101.26,Fog
01-01-2012 08:00,-1.4,-3.6,85,9,8,101.23,Fog
01-01-2012 09:00,-1.3,-3.1,88,15,4,101.2,Fog
01-01-2012 10:00,-1,-2.3,91,9,1.2,101.15,Fog
01-01-2012 11:00,-0.5,-2.1,89,7,4,100.98,Fog
01-01-2012 12:00,-0.2,-2,88,9,4.8,100.79,Fog
01-01-2012 13:00,0.2,-1.7,87,13,4.8,100.58,Fog
01-01-2012 14:00,0.8,-1.1,87,20,4.8,100.31,Fog
01-01-2012 15:00,1.8,-0.4,85,22,6.4,100.07,Fog
01-01-2012 16:00,2.6,-0.2,82,13,12.9,99.93,Mostly Cloudy
01-01-2012 17:00,3,0,81,13,16.1,99.81,Cloudy
01-01-2012 18:00,3.8,1,82,15,12.9,99.74,Rain
01-01-2012 19:00,3.1,1.3,88,15,12.9,99.68,Rain
01-01-2012 20:00,3.2,1.3,87,19,25,99.5,Cloudy
01-01-2012 21:00,4,1.7,85,20,25,99.39,Cloudy
01-01-2012 22:00,4.4,1.9,84,24,19.3,99.32,Rain Showers
01-01-2012 23:00,5.3,2,79,30,25,99.31,Cloudy
01-02-2012 00:00,5.2,1.5,77,35,25,99.26,Rain Showers
01-02-2012 01:00,4.6,0,72,39,25,99.26,Cloudy
01-02-2012 02:00,3.9,-0.9,71,32,25,99.26,Mostly Cloudy
01-02-2012 03:00,3.7,-1.5,69,33,25,99.3,Mostly Cloudy
01-02-2012 04:00,2.9,-2.3,69,32,25,99.26,Mostly Cloudy
01-02-2012 05:00,2.6,-2.3,70,32,25,99.21,Mostly Cloudy
01-02-2012 06:00,2.3,-2.6,70,26,25,99.18,Mostly Cloudy
01-02-2012 07:00,2,-2.9,70,33,25,99.14,Mostly Cloudy
01-02-2012 08:00,1.9,-3.3,68,39,24.1,99.14,Mostly Cloudy
01-02-2012 09:00,1.8,-3.7,67,44,24.1,99.14,Mostly Cloudy
01-02-2012 10:00,1.5,-4.1,66,43,24.1,99.18,Mostly Cloudy
01-02-2012 11:00,2.2,-3.5,66,30,24.1,99.19,Mostly Cloudy
01-02-2012 12:00,1.7,-6.2,56,48,24.1,99.21,Mainly Clear
01-02-2012 13:00,1.1,-6.5,57,37,24.1,99.27,Mostly Cloudy
01-02-2012 14:00,1.1,-6.8,56,33,24.1,99.33,Mostly Cloudy
01-02-2012 15:00,0,-7,59,33,24.1,99.41,Mostly Cloudy
01-02-2012 16:00,-0.7,-8.7,55,24,24.1,99.5,Mostly Cloudy
01-02-2012 17:00,-2.1,-9.5,57,22,25,99.66,Snow Showers
01-02-2012 18:00,-4.1,-11.4,57,28,25,99.86,Mostly Cloudy
01-02-2012 19:00,-4.8,-12.1,57,24,25,100,Mostly Cloudy
01-02-2012 20:00,-5.6,-13.4,54,24,25,100.07,Snow Showers
01-02-2012 21:00,-5.8,-12.8,58,26,25,100.15,Snow Showers
01-02-2012 22:00,-7,-14.7,54,20,25,100.26,Cloudy
01-02-2012 23:00,-7.4,-14.1,59,17,19.3,100.27,Snow Showers
01-03-2012 00:00,-9,-16,57,28,25,100.35,Snow Showers
01-03-2012 01:00,-9.7,-17.2,54,20,25,100.43,Cloudy
01-03-2012 02:00,-10.5,-15.8,65,22,12.9,100.53,Snow Showers
01-03-2012 03:00,-11.3,-18.7,54,33,25,100.61,Snow Showers
01-03-2012 04:00,-12.6,-20.1,53,24,25,100.68,Cloudy
01-03-2012 05:00,-12.9,-19.1,60,22,25,100.76,Snow Showers
01-03-2012 06:00,-13.3,-19.3,61,19,25,100.85,Snow Showers
01-03-2012 07:00,-14,-19.5,63,19,25,100.95,Snow
01-03-2012 08:00,-14.8,-21.3,58,26,24.1,101.07,Mostly Cloudy
01-03-2012 09:00,-15,-21.9,56,19,24.1,101.2,Mostly Cloudy
01-03-2012 10:00,-15.3,-22.2,56,24,24.1,101.29,Cloudy
01-03-2012 11:00,-14.9,-22.2,54,22,24.1,101.33,Mostly Cloudy
01-03-2012 12:00,-14.9,-22.6,52,20,24.1,101.34,Mainly Clear
01-03-2012 13:00,-15.1,-22.4,54,22,24.1,101.34,Mainly Clear
01-03-2012 14:00,-14.9,-22.9,50,22,24.1,101.38,Mainly Clear
01-03-2012 15:00,-14.8,-22.2,53,19,24.1,101.44,Mainly Clear
01-03-2012 16:00,-15.3,-22.9,52,22,24.1,101.51,Mainly Clear
01-03-2012 17:00,-15.8,-23.2,53,22,24.1,101.58,Mainly Clear
01-03-2012 18:00,-16.3,-23.8,52,24,25,101.64,Mainly Clear
01-03-2012 19:00,-16.9,-24.8,50,24,25,101.74,Clear
01-03-2012 20:00,-17.3,-25.4,49,24,25,101.82,Mainly Clear
01-03-2012 21:00,-17,-24.6,52,15,25,101.86,Mostly Cloudy
01-03-2012 22:00,-17.1,-24.6,52,20,25,101.86,Mostly Cloudy
01-03-2012 23:00,-17.3,-24.2,55,17,25,101.87,Mostly Cloudy
01-04-2012 00:00,-17.5,-24.2,56,13,25,101.88,Mostly Cloudy
01-04-2012 01:00,-17.9,-24.1,58,11,25,101.86,Mainly Clear
01-04-2012 02:00,-18.1,-23.8,61,15,25,101.89,Mainly Clear
01-04-2012 03:00,-18.5,-24.6,59,13,25,101.88,Mainly Clear
01-04-2012 04:00,-18.5,-24.6,59,13,25,101.82,Mainly Clear
01-04-2012 05:00,-18.6,-24,62,9,25,101.77,Mainly Clear
01-04-2012 06:00,-18.5,-24.1,61,11,25,101.74,Cloudy
01-04-2012 07:00,-18.2,-24.1,60,11,25,101.75,Cloudy
01-04-2012 08:00,-17.8,-24.2,57,17,24.1,101.73,Mostly Cloudy
01-04-2012 09:00,-16.8,-22.5,61,9,24.1,101.68,Mostly Cloudy
01-04-2012 10:00,-15.2,-20.6,63,7,24.1,101.54,Mostly Cloudy
01-04-2012 11:00,-14.2,-21.1,56,13,24.1,101.41,Mostly Cloudy
01-04-2012 12:00,-13.7,-21.7,51,11,24.1,101.25,Snow
01-04-2012 13:00,-12.4,-20.1,53,11,24.1,101.07,Cloudy
01-04-2012 14:00,-11.3,-19,53,7,19.3,100.97,Snow
01-04-2012 15:00,-10.2,-16.3,61,11,9.7,100.89,Snow
01-04-2012 16:00,-9.4,-15.5,61,13,19.3,100.79,Snow
01-04-2012 17:00,-8.9,-13.2,71,9,4.8,100.76,Snow
01-04-2012 18:00,-8.9,-12.6,75,11,9.7,100.69,Snow
01-04-2012 19:00,-8.4,-12.7,71,9,16.1,100.65,Snow
01-04-2012 20:00,-7.8,-12.1,71,9,16.1,100.61,Snow
01-04-2012 21:00,-7.6,-11.6,73,7,11.3,100.54,Snow
01-04-2012 22:00,-9.5,-12.7,77,6,9.7,100.5,Snow
01-04-2012 23:00,-9.6,-12.6,79,6,9.7,100.42,Snow
01-05-2012 00:00,-8.8,-11.7,79,4,9.7,100.32,Snow
01-05-2012 01:00,-7.5,-10.2,81,0,9.7,100.29,Snow
01-05-2012 02:00,-5.4,-8.3,80,9,8,100.28,Snow
01-05-2012 03:00,-5,-7.7,81,11,9.7,100.24,Snow
01-05-2012 04:00,-4.1,-6.5,83,9,4.8,100.21,Snow
01-05-2012 05:00,-7,-9.5,82,4,4,100.19,Snow
01-05-2012 06:00,-8.2,-10.7,82,6,6.4,100.26,Snow
01-05-2012 07:00,-7.1,-9.7,82,9,9.7,100.31,Snow
01-05-2012 08:00,-6.1,-9.1,79,11,9.7,100.39,Snow
01-05-2012 09:00,-6.6,-10.1,76,9,24.1,100.42,Mainly Clear
01-05-2012 10:00,-6,-10,73,17,48.3,100.45,Mainly Clear
01-05-2012 11:00,-5.6,-10.2,70,22,48.3,100.41,Mainly Clear
01-05-2012 12:00,-4.7,-9.6,69,20,48.3,100.38,Mainly Clear
01-05-2012 13:00,-4.4,-9.7,66,26,48.3,100.4,Mainly Clear
01-05-2012 14:00,-5.1,-10.7,65,22,48.3,100.46,Mainly Clear
01-05-2012 15:00,-4.3,-12,55,26,48.3,100.52,Mainly Clear
01-05-2012 16:00,-5,-12.7,55,19,24.1,100.6,Mainly Clear
01-05-2012 17:00,-6.7,-14.1,56,11,25,100.65,Mainly Clear
01-05-2012 18:00,-7.1,-14.4,56,11,25,100.71,Clear
01-05-2012 19:00,-9.2,-15.4,61,7,25,100.8,Clear
01-05-2012 20:00,-9.8,-15.7,62,9,25,100.83,Clear
01-05-2012 21:00,-9,-14.8,63,13,25,100.83,Clear
01-05-2012 22:00,-9.9,-15.7,63,7,25,100.85,Cloudy
01-05-2012 23:00,-9.4,-15.5,61,9,25,100.83,Cloudy
01-06-2012 00:00,-9.6,-16.8,56,13,25,100.81,Cloudy
01-06-2012 01:00,-10,-17.3,55,17,25,100.81,Cloudy
01-06-2012 02:00,-10.5,-16.5,61,9,25,100.84,Cloudy
01-06-2012 03:00,-10.6,-16,64,0,9.7,100.76,Snow
01-06-2012 04:00,-11.3,-16.1,68,15,3.2,100.7,Snow
01-06-2012 05:00,-11.8,-16,71,19,2.8,100.61,Snow
01-06-2012 06:00,-12,-16.2,71,22,4.8,100.58,Snow
01-06-2012 07:00,-14.4,-16.3,85,22,2.4,100.52,Snow
01-06-2012 08:00,-12.3,-16.2,73,24,11.3,100.51,Snow
01-06-2012 09:00,-12.5,-16.7,71,26,19.3,100.53,Snow
01-06-2012 10:00,-12.3,-16.3,72,28,16.1,100.47,Snow
01-06-2012 11:00,-12,-16,72,17,24.1,100.36,Snow
01-06-2012 12:00,-11.7,-15.4,74,28,19.3,100.23,Snow
01-06-2012 13:00,-11.9,-15.6,74,20,24.1,100.13,Snow
01-06-2012 14:00,-11.2,-14.8,75,19,19.3,100.07,Snow
01-06-2012 15:00,-11.5,-14.4,79,19,12.9,100.06,Snow
01-06-2012 16:00,-11.6,-14.7,78,19,19.3,100.1,Snow
01-06-2012 17:00,-11.2,-14.3,78,17,25,100.15,Snow
01-06-2012 18:00,-10.5,-13.6,78,17,19.3,100.12,Cloudy
01-06-2012 19:00,-10.5,-13.4,79,15,25,100.13,Cloudy
01-06-2012 20:00,-10.2,-13,80,11,25,100.15,Cloudy
01-06-2012 21:00,-9.5,-12.5,79,9,25,100.13,Cloudy
01-06-2012 22:00,-9.3,-12.2,79,11,19.3,100.16,Cloudy
01-06-2012 23:00,-9,-12,79,7,16.1,100.15,Cloudy
01-07-2012 00:00,-8.7,-11.7,79,6,16.1,100.13,Cloudy
01-07-2012 01:00,-8.5,-11.4,80,0,19.3,100.11,Cloudy
01-07-2012 02:00,-8.1,-11.1,79,4,19.3,100.15,Cloudy
01-07-2012 03:00,-7.8,-10.8,79,4,19.3,100.12,Cloudy
01-07-2012 04:00,-7.5,-10.5,79,6,19.3,100.1,Cloudy
01-07-2012 05:00,-6.9,-9.7,80,4,19.3,100.12,Cloudy
01-07-2012 06:00,-6.7,-9.5,80,7,16.1,100.12,Cloudy
01-07-2012 07:00,-7,-9.7,81,7,16.1,100.16,Cloudy
01-07-2012 08:00,-6.4,-9,82,9,8,100.1,"Freezing Drizzle,Fog"
01-07-2012 09:00,-6.1,-8.7,82,7,9.7,100.15,"Freezing Rain,Fog"
01-07-2012 10:00,-5.7,-8,84,7,8,100.13,Freezing Rain
01-07-2012 11:00,-5.4,-7.7,84,9,9.7,100.08,Freezing Drizzle
01-07-2012 12:00,-5.5,-7.8,84,13,9.7,100.05,Freezing Drizzle
01-07-2012 13:00,-4.8,-7.2,83,15,9.7,100.07,Freezing Rain
01-07-2012 14:00,-4.4,-6.9,83,6,8,100.09,Snow
01-07-2012 15:00,-3.7,-6.1,83,11,8,100.09,Snow
01-07-2012 16:00,-3.6,-5.9,84,0,8,100.15,Snow
01-07-2012 17:00,-3.1,-5.4,84,13,8,100.27,Snow
01-07-2012 18:00,-3.2,-5.3,85,6,9.7,100.33,Snow
01-07-2012 19:00,-3,-5,86,6,8,100.41,Snow
01-07-2012 20:00,-1.8,-3.7,87,4,9.7,100.48,Snow
01-07-2012 21:00,-1.3,-3.1,88,0,6.4,100.5,Snow
01-07-2012 22:00,-1.5,-3,89,4,4,100.54,Fog
01-07-2012 23:00,0.4,-1.5,87,22,9.7,100.62,Snow
01-08-2012 00:00,0.6,-3.2,76,32,25,100.72,Cloudy
01-08-2012 01:00,-0.6,-4.6,74,32,25,100.8,Mostly Cloudy
01-08-2012 02:00,-1.7,-6.2,71,30,25,100.98,Mostly Cloudy
01-08-2012 03:00,-3.5,-8.3,69,32,25,101.13,Mainly Clear
01-08-2012 04:00,-4.4,-9.2,69,22,25,101.21,Mainly Clear
01-08-2012 05:00,-5.9,-10.5,70,13,25,101.33,Mainly Clear
01-08-2012 06:00,-5.8,-10.8,68,13,25,101.47,Cloudy
01-08-2012 07:00,-5.6,-10.3,69,11,25,101.59,Cloudy
01-08-2012 08:00,-5.9,-10.7,69,11,24.1,101.7,Snow
01-08-2012 09:00,-6.4,-11.9,65,17,24.1,101.81,Snow
01-08-2012 10:00,-6.5,-11.6,67,17,9.7,101.89,Snow
01-08-2012 11:00,-7.1,-12.6,65,22,24.1,101.92,Snow
01-08-2012 12:00,-6.7,-11.9,66,15,24.1,101.9,Snow
01-08-2012 13:00,-6.5,-12.4,63,15,24.1,101.94,Cloudy
01-08-2012 14:00,-6.5,-12,65,19,24.1,101.97,Mostly Cloudy
01-08-2012 15:00,-6.6,-12.9,61,20,48.3,102.04,Mostly Cloudy
01-08-2012 16:00,-6.6,-13.3,59,20,24.1,102.09,Mostly Cloudy
01-08-2012 17:00,-7.2,-13.8,59,17,25,102.17,Mainly Clear
01-08-2012 18:00,-8.1,-14.1,62,17,25,102.23,Mainly Clear
01-08-2012 19:00,-8,-13.9,62,15,25,102.26,Mostly Cloudy
01-08-2012 20:00,-8.3,-13.7,65,15,25,102.28,Mostly Cloudy
01-08-2012 21:00,-8.3,-13.9,64,11,25,102.26,Mostly Cloudy
01-08-2012 22:00,-8.7,-14,65,7,25,102.22,Mostly Cloudy
01-08-2012 23:00,-9,-13.9,68,7,25,102.22,Mostly Cloudy
01-09-2012 00:00,-9.2,-14.3,66,6,25,102.17,Mostly Cloudy
01-09-2012 01:00,-9.8,-14.5,68,0,25,102.13,Mostly Cloudy
01-09-2012 02:00,-9,-14.1,66,4,25,102.15,Mostly Cloudy
01-09-2012 03:00,-8.8,-13.2,70,0,25,102.11,Cloudy
01-09-2012 04:00,-8.5,-13.2,69,9,25,102.02,Cloudy
01-09-2012 05:00,-8.4,-12.7,71,11,25,101.93,Cloudy
01-09-2012 06:00,-7.7,-11.9,72,11,25,101.86,Cloudy
01-09-2012 07:00,-6.8,-11,72,15,25,101.8,Mostly Cloudy
01-09-2012 08:00,-5.9,-10.5,70,13,16.1,101.74,Snow
01-09-2012 09:00,-5.4,-9.2,75,11,12.9,101.68,Snow
01-09-2012 10:00,-4.8,-8.3,76,9,16.1,101.64,Snow
01-09-2012 11:00,-3.7,-7.2,77,7,24.1,101.54,Snow
01-09-2012 12:00,-2.5,-6.6,73,9,24.1,101.4,Cloudy
01-09-2012 13:00,-1.7,-5.8,74,7,24.1,101.27,Cloudy
01-09-2012 14:00,-1.4,-5.1,76,7,24.1,101.2,Cloudy
01-09-2012 15:00,-1,-5.1,74,9,24.1,101.13,Mostly Cloudy
01-09-2012 16:00,-1.3,-5.7,72,11,24.1,101.05,Mostly Cloudy
01-09-2012 17:00,-1.4,-5.8,72,15,24.1,100.96,Mostly Cloudy
01-09-2012 18:00,-1,-5.6,71,20,25,100.9,Mostly Cloudy
01-09-2012 19:00,-1.1,-5.8,70,19,25,100.83,Mostly Cloudy
01-09-2012 20:00,-1.5,-6.2,70,15,25,100.77,Mostly Cloudy
01-09-2012 21:00,-1.7,-6.3,71,11,25,100.64,Mostly Cloudy
01-09-2012 22:00,-0.3,-6.3,64,19,25,100.54,Mostly Cloudy
01-09-2012 23:00,-0.2,-6.1,64,17,25,100.45,Cloudy
01-10-2012 00:00,2.5,-5.2,57,30,25,100.38,Cloudy
01-10-2012 01:00,2.3,-3.4,66,35,25,100.28,Snow
01-10-2012 02:00,1.4,-2.5,75,19,6.4,100.23,Snow
01-10-2012 03:00,1.6,-2,77,28,25,100.16,Snow
01-10-2012 04:00,1.2,-1.7,81,26,25,100.07,Cloudy
01-10-2012 05:00,0.8,-1.2,86,30,9.7,100.02,"Rain,Snow"
01-10-2012 06:00,0.7,-1.2,87,30,8,100.04,Snow
01-10-2012 07:00,1.5,-0.7,85,20,8,100.08,Snow
01-10-2012 08:00,1.2,-1.1,85,24,16.1,100.11,Cloudy
01-10-2012 09:00,1.6,-0.8,84,17,19.3,100.23,Cloudy
01-10-2012 10:00,2,-0.9,81,24,24.1,100.27,Mostly Cloudy
01-10-2012 11:00,2.6,-1.1,77,22,24.1,100.29,Mainly Clear
01-10-2012 12:00,1.4,-3.1,72,30,24.1,100.32,Mostly Cloudy
01-10-2012 13:00,0.7,-5.4,64,26,24.1,100.36,Mostly Cloudy
01-10-2012 14:00,-0.2,-6.2,64,26,24.1,100.45,Mainly Clear
01-10-2012 15:00,-1.4,-7.9,61,30,24.1,100.65,Mainly Clear
01-10-2012 16:00,-3.1,-10.9,55,30,24.1,100.81,Mostly Cloudy
01-10-2012 17:00,-4,-12,54,17,24.1,100.91,Mostly Cloudy
01-10-2012 18:00,-4.9,-12.7,54,15,25,101.04,Mostly Cloudy
01-10-2012 19:00,-5.7,-13.8,53,15,25,101.15,Mostly Cloudy
01-10-2012 20:00,-6.4,-14.3,53,13,25,101.24,Mostly Cloudy
01-10-2012 21:00,-6.6,-13.6,57,9,25,101.32,Mostly Cloudy
01-10-2012 22:00,-7.3,-14.7,55,13,25,101.34,Mostly Cloudy
01-10-2012 23:00,-8.6,-15.6,57,19,25,101.44,Mostly Cloudy
01-11-2012 00:00,-9.5,-16.8,55,17,25,101.43,Mostly Cloudy
01-11-2012 01:00,-10.7,-17.8,56,17,25,101.49,Clear
01-11-2012 02:00,-12,-18.9,56,19,25,101.57,Clear
01-11-2012 03:00,-12.7,-19.4,57,19,25,101.64,Clear
01-11-2012 04:00,-13.4,-20.1,57,17,25,101.66,Clear
01-11-2012 05:00,-13.9,-21,55,19,25,101.66,Mainly Clear
01-11-2012 06:00,-14.4,-21.1,57,20,25,101.72,Mainly Clear
01-11-2012 07:00,-14.4,-21,57,13,25,101.77,Mostly Cloudy
01-11-2012 08:00,-14.7,-21.4,57,15,24.1,101.8,Mostly Cloudy
01-11-2012 09:00,-14.3,-20.8,58,15,24.1,101.81,Mostly Cloudy
01-11-2012 10:00,-13.9,-20.9,55,11,19.3,101.89,Cloudy
01-11-2012 11:00,-13.4,-20.8,54,15,24.1,101.78,Mostly Cloudy
01-11-2012 12:00,-12.7,-20.4,53,17,24.1,101.68,Cloudy
01-11-2012 13:00,-12.2,-20,52,19,24.1,101.63,Mostly Cloudy
01-11-2012 14:00,-11.4,-19.4,52,20,24.1,101.56,Mostly Cloudy
01-11-2012 15:00,-11.6,-19.9,50,20,24.1,101.61,Mostly Cloudy
01-11-2012 16:00,-11.8,-20.9,47,20,24.1,101.6,Mostly Cloudy
01-11-2012 17:00,-11.9,-20.1,51,26,24.1,101.56,Mostly Cloudy
01-11-2012 18:00,-12,-19.9,52,24,25,101.51,Mostly Cloudy
01-11-2012 19:00,-11.8,-19.2,54,30,25,101.43,Mostly Cloudy
01-11-2012 20:00,-11.2,-18.1,57,24,25,101.4,Cloudy
01-11-2012 21:00,-11.2,-16.5,65,19,25,101.32,Cloudy
01-11-2012 22:00,-10.8,-16,65,22,25,101.29,Cloudy
01-11-2012 23:00,-10.7,-15.7,67,20,25,101.19,Mostly Cloudy
01-12-2012 00:00,-10,-15.2,66,19,25,101.17,Mostly Cloudy
01-12-2012 01:00,-9.8,-15.2,65,24,25,101.13,Mostly Cloudy
01-12-2012 02:00,-9.4,-15,64,26,25,101.08,Cloudy
01-12-2012 03:00,-9,-14.7,63,33,25,101.02,Cloudy
01-12-2012 04:00,-8.5,-14.1,64,22,25,100.93,Cloudy
01-12-2012 05:00,-8,-13.7,64,30,25,100.81,Cloudy
01-12-2012 06:00,-7.6,-13.1,65,28,25,100.76,Cloudy
01-12-2012 07:00,-7.3,-12.7,65,28,16.1,100.69,Snow Showers
01-12-2012 08:00,-7.1,-11.3,72,33,6.4,100.61,Snow
01-12-2012 09:00,-6.8,-10.5,75,33,3.2,100.54,Snow
01-12-2012 10:00,-6.2,-9.6,77,35,4.8,100.46,Snow
01-12-2012 11:00,-6,-9.5,76,32,2,100.35,Snow
01-12-2012 12:00,-5.8,-8.9,79,32,4.8,100.22,Snow
01-12-2012 13:00,-5.8,-8.6,81,33,1.2,100.09,Snow
01-12-2012 14:00,-5.7,-8.5,81,28,1.2,99.97,Snow
01-12-2012 15:00,-5.2,-7.6,83,26,0.8,99.9,Moderate Snow
01-12-2012 16:00,-4.9,-7.3,83,33,0.6,99.88,Moderate Snow
01-12-2012 17:00,-5.1,-7.6,83,33,1,99.83,Snow
01-12-2012 18:00,-5.4,-8.1,81,35,1.2,99.76,Snow
01-12-2012 19:00,-5,-7.6,82,30,4,99.72,Snow
01-12-2012 20:00,-5,-7.8,81,28,6.4,99.64,Snow
01-12-2012 21:00,-4.7,-7.6,80,24,6.4,99.56,Snow
01-12-2012 22:00,-4.1,-6.8,81,26,25,99.47,Snow
01-12-2012 23:00,-4.6,-7,83,28,3.2,99.4,Snow
02-01-2012 00:00,-6.7,-9.7,79,19,11.3,100.82,Snow
02-01-2012 01:00,-6.7,-9.5,80,15,9.7,100.69,Snow
02-01-2012 02:00,-6.8,-9.3,82,19,4.8,100.61,Freezing Drizzle
02-01-2012 03:00,-6.5,-9,82,15,4.8,100.56,Freezing Rain
02-01-2012 04:00,-5.8,-8.2,83,17,8,100.48,Freezing Rain
02-01-2012 05:00,-5.8,-8.5,81,19,8,100.42,Freezing Drizzle
02-01-2012 06:00,-5.4,-8,82,15,8,100.34,Freezing Rain
02-01-2012 07:00,-5.5,-8.2,81,13,9.7,100.33,Freezing Rain
02-01-2012 08:00,-5.5,-8.5,79,11,11.3,100.36,Cloudy
02-01-2012 09:00,-5.7,-8.6,80,15,12.9,100.36,Cloudy
02-01-2012 10:00,-5.7,-8.5,81,13,8,100.35,Haze
02-01-2012 11:00,-5.8,-8.3,82,9,4,100.36,"Freezing Drizzle,Haze"
02-01-2012 12:00,-5.5,-8,83,11,2,100.31,"Freezing Drizzle,Haze"
02-01-2012 13:00,-5,-7.7,81,11,2,100.28,"Freezing Drizzle,Haze"
02-01-2012 14:00,-4.9,-7.4,83,9,2,100.34,"Freezing Rain,Haze"
02-01-2012 15:00,-4.9,-7.5,82,6,2.8,100.41,"Freezing Rain,Haze"
02-01-2012 16:00,-4.5,-7.2,81,0,4.8,100.47,Haze
02-01-2012 17:00,-4.3,-7.1,81,0,6.4,100.61,"Snow,Haze"
02-01-2012 18:00,-4,-6.9,80,0,4,100.68,"Snow,Haze"
02-01-2012 19:00,-3.9,-6.7,81,6,4,100.78,"Snow,Haze"
02-01-2012 20:00,-3.6,-6.4,81,4,4.8,100.85,"Snow,Haze"
02-01-2012 21:00,-4.3,-7.2,80,15,4,100.99,"Snow,Haze"
02-01-2012 22:00,-5,-8.2,78,15,12.9,101.12,Snow
02-01-2012 23:00,-4.9,-8.1,78,0,12.9,101.22,Snow
02-02-2012 00:00,-5,-8.2,78,7,12.9,101.32,Snow
02-02-2012 01:00,-5.5,-9.2,75,9,25,101.36,Mostly Cloudy
02-02-2012 02:00,-6.3,-9.6,77,4,16.1,101.45,Snow Showers
02-02-2012 03:00,-5.6,-9.1,76,6,25,101.52,Snow Showers
02-02-2012 04:00,-5.5,-8.8,78,4,16.1,101.59,Snow Showers
02-02-2012 05:00,-5.2,-9.5,72,9,16.1,101.62,Snow Showers
02-02-2012 06:00,-6,-11.8,63,13,25,101.63,Snow Showers
02-02-2012 07:00,-6.9,-12.8,63,22,24.1,101.67,Snow
02-02-2012 08:00,-7.6,-13.2,64,19,12.9,101.74,Snow
02-02-2012 09:00,-7.7,-13.6,63,19,19.3,101.82,Snow
02-02-2012 10:00,-8.2,-13.7,65,17,24.1,101.87,Mostly Cloudy
02-02-2012 11:00,-8.3,-14.2,62,19,24.1,101.89,Mostly Cloudy
02-02-2012 12:00,-8.1,-13.3,66,13,24.1,101.86,Mostly Cloudy
02-02-2012 13:00,-7.4,-12.7,66,9,24.1,101.86,Mostly Cloudy
02-02-2012 14:00,-6.7,-12,66,9,24.1,101.85,Mostly Cloudy
02-02-2012 15:00,-6.7,-12.1,65,9,24.1,101.9,Mostly Cloudy
02-02-2012 16:00,-6.6,-11.7,67,11,24.1,101.94,Mostly Cloudy
02-02-2012 17:00,-7.1,-12,68,13,24.1,101.99,Mostly Cloudy
02-02-2012 18:00,-7.7,-12.5,68,7,25,102.08,Mostly Cloudy
02-02-2012 19:00,-7,-12.2,66,6,25,102.13,Mostly Cloudy
02-02-2012 20:00,-8.9,-12.8,73,4,25,102.22,Mostly Cloudy
02-02-2012 21:00,-7.2,-11,74,4,25,102.26,Snow
02-02-2012 22:00,-8,-11.5,76,7,25,102.29,Snow
02-02-2012 23:00,-7.2,-11.1,74,7,25,102.31,Mostly Cloudy
02-03-2012 00:00,-9.7,-12.5,80,4,25,102.33,Mostly Cloudy
02-03-2012 01:00,-11,-13.5,82,0,25,102.35,Mainly Clear
02-03-2012 02:00,-10.2,-12.7,82,0,25,102.39,Mainly Clear
02-03-2012 03:00,-11.6,-14,82,0,25,102.4,Mainly Clear
02-03-2012 04:00,-12.6,-15.1,82,7,16.1,102.42,Mainly Clear
02-03-2012 05:00,-11.2,-13.2,85,9,9.7,102.47,Fog
02-03-2012 06:00,-11.8,-14.1,83,7,16.1,102.51,Mainly Clear
02-03-2012 07:00,-11.3,-13.7,82,9,16.1,102.59,Mostly Cloudy
02-03-2012 08:00,-10.6,-13.3,80,9,19.3,102.62,Mostly Cloudy
02-03-2012 09:00,-8.8,-11.9,78,6,24.1,102.62,Mostly Cloudy
02-03-2012 10:00,-6.8,-10.2,77,7,19.3,102.61,Cloudy
02-03-2012 11:00,-6.3,-10,75,11,6.4,102.57,Snow
02-03-2012 12:00,-6.2,-9.5,77,11,16.1,102.46,Snow
02-03-2012 13:00,-4.8,-8.3,76,6,16.1,102.34,Snow
02-03-2012 14:00,-3.8,-7.4,76,7,16.1,102.27,Snow
02-03-2012 15:00,-2.9,-7.8,69,19,19.3,102.25,Snow
02-03-2012 16:00,-3.3,-7.3,74,13,16.1,102.21,Snow
02-03-2012 17:00,-3.4,-7,76,11,19.3,102.19,Cloudy
02-03-2012 18:00,-3.7,-7.1,77,7,19.3,102.17,Snow
02-03-2012 19:00,-3.8,-7.2,77,9,25,102.17,Snow
02-03-2012 20:00,-4.2,-7.7,77,11,25,102.16,Mostly Cloudy
02-03-2012 21:00,-4.7,-8,78,7,25,102.17,Mostly Cloudy
02-03-2012 22:00,-5.3,-8.6,78,0,25,102.1,Cloudy
02-03-2012 23:00,-3.7,-6.7,80,6,25,102.03,Snow
02-04-2012 00:00,-4.5,-6.8,84,9,2,102.02,Snow
02-04-2012 01:00,-4.5,-6.7,85,11,25,101.98,Mostly Cloudy
02-04-2012 02:00,-4,-7.4,77,20,25,102.07,Mostly Cloudy
02-04-2012 03:00,-4.9,-10.5,65,15,25,102.11,Mostly Cloudy
02-04-2012 04:00,-7.1,-12.7,64,13,25,102.16,Mainly Clear
02-04-2012 05:00,-8.1,-13.3,66,15,25,102.21,Mainly Clear
02-04-2012 06:00,-9.4,-13.9,70,9,25,102.27,Clear
02-04-2012 07:00,-11,-14.7,74,7,48.3,102.25,Clear
02-04-2012 08:00,-11.6,-15.6,72,9,48.3,102.31,Clear
02-04-2012 09:00,-9.6,-14.1,70,13,48.3,102.37,Clear
02-04-2012 10:00,-8.4,-13.7,66,6,48.3,102.32,Mainly Clear
02-04-2012 11:00,-7.6,-13.6,62,0,48.3,102.29,Clear
02-04-2012 12:00,-6.6,-13.2,59,4,48.3,102.21,Mainly Clear
02-04-2012 13:00,-6.3,-12.7,60,13,48.3,102.11,Mainly Clear
02-04-2012 14:00,-6,-12.7,59,6,48.3,102.05,Mainly Clear
02-04-2012 15:00,-5.4,-12.6,57,11,48.3,102.01,Mainly Clear
02-04-2012 16:00,-5.7,-12.8,57,9,48.3,101.99,Clear
02-04-2012 17:00,-6.2,-13.5,56,11,48.3,101.97,Clear
02-04-2012 18:00,-6.6,-13.7,57,9,25,101.96,Clear
02-04-2012 19:00,-7.7,-14,61,7,25,101.97,Clear
02-04-2012 20:00,-8.8,-14.4,64,6,25,101.97,Clear
02-04-2012 21:00,-9.9,-14.5,69,6,25,101.97,Clear
02-04-2012 22:00,-10.3,-14.9,69,0,25,101.93,Clear
02-04-2012 23:00,-10.1,-14.3,71,0,25,101.89,Clear
02-05-2012 00:00,-11.9,-15.3,76,6,25,101.89,Clear
02-05-2012 01:00,-12.1,-15,79,6,25,101.87,Clear
02-05-2012 02:00,-14.4,-17.1,80,6,25,101.88,Clear
02-05-2012 03:00,-12.9,-15.7,79,6,25,101.86,Clear
02-05-2012 04:00,-14.9,-17.9,78,6,25,101.86,Clear
02-05-2012 05:00,-14.2,-17,79,7,25,101.91,Clear
02-05-2012 06:00,-14.7,-17.5,79,4,19.3,101.93,Clear
02-05-2012 07:00,-15.7,-18.6,78,4,24.1,101.93,Clear
02-05-2012 08:00,-15,-17.5,81,4,24.1,101.95,Clear
02-05-2012 09:00,-13.5,-16.1,81,0,24.1,101.97,Clear
02-05-2012 10:00,-11.1,-13.4,83,9,0.8,101.97,Freezing Fog
02-05-2012 11:00,-10.5,-12.4,86,11,12.9,101.95,Cloudy
02-05-2012 12:00,-8.7,-11.7,79,9,24.1,101.82,Mainly Clear
02-05-2012 13:00,-7.2,-12.1,68,13,24.1,101.72,Mainly Clear
02-05-2012 14:00,-5.5,-11.8,61,20,24.1,101.63,Cloudy
02-05-2012 15:00,-5.3,-11.4,62,15,24.1,101.55,Cloudy
02-05-2012 16:00,-4.7,-10.7,63,6,19.3,101.48,Cloudy
02-05-2012 17:00,-4.2,-10,64,9,25,101.43,Cloudy
02-05-2012 18:00,-3.9,-9.7,64,15,25,101.41,Cloudy
02-05-2012 19:00,-3.1,-8.6,66,15,25,101.34,Cloudy
02-05-2012 20:00,-2.8,-8,67,24,25,101.25,Mostly Cloudy
02-05-2012 21:00,-2.5,-7.7,67,26,25,101.18,Cloudy
02-05-2012 22:00,-2.1,-6.7,71,28,25,101.06,Cloudy
02-05-2012 23:00,-1.5,-5.7,73,30,25,100.93,Cloudy
02-06-2012 00:00,-0.7,-5.2,72,30,25,100.86,Cloudy
02-06-2012 01:00,-0.8,-5.2,72,24,25,100.8,Cloudy
02-06-2012 02:00,0.1,-4.7,70,32,25,100.75,Snow
02-06-2012 03:00,0.1,-3.3,78,30,25,100.77,Cloudy
02-06-2012 04:00,0.8,-3.7,72,35,25,100.68,Snow
02-06-2012 05:00,1,-3.8,70,26,25,100.7,Cloudy
02-06-2012 06:00,1.1,-3.6,71,32,25,100.63,Cloudy
02-06-2012 07:00,1.2,-3.5,71,37,24.1,100.62,Mostly Cloudy
02-06-2012 08:00,1.1,-3.8,70,33,24.1,100.63,Mostly Cloudy
02-06-2012 09:00,1.1,-3.6,71,32,24.1,100.62,Cloudy
02-06-2012 10:00,1.4,-3.3,71,32,24.1,100.6,Cloudy
02-06-2012 11:00,1.9,-2.8,71,35,24.1,100.57,Cloudy
02-06-2012 12:00,2.6,-2.4,70,22,24.1,100.5,Cloudy
02-06-2012 13:00,2.6,-2.9,67,32,24.1,100.47,Cloudy
02-06-2012 14:00,3,-3.3,63,33,24.1,100.45,Mostly Cloudy
02-06-2012 15:00,3.3,-3.3,62,30,24.1,100.46,Cloudy
02-06-2012 16:00,3.3,-3.1,63,17,24.1,100.47,Cloudy
02-06-2012 17:00,2.9,-2.8,66,13,25,100.51,Cloudy
02-06-2012 18:00,3.2,-2.8,65,11,25,100.57,Cloudy
02-06-2012 19:00,3.1,-2.6,66,13,25,100.62,Cloudy
02-06-2012 20:00,2.6,-2.6,69,11,25,100.65,Cloudy
02-06-2012 21:00,3,-2.2,69,15,25,100.67,Cloudy
02-06-2012 22:00,2.7,-2.6,68,13,25,100.68,Mostly Cloudy
02-06-2012 23:00,2.2,-2.9,69,13,25,100.7,Mostly Cloudy
02-07-2012 00:00,1.9,-3.1,69,13,25,100.77,Cloudy
02-07-2012 01:00,1.8,-3.4,68,15,25,100.82,Mostly Cloudy
02-07-2012 02:00,1.5,-4.4,65,15,25,100.89,Mostly Cloudy
02-07-2012 03:00,0.8,-5,65,19,25,100.94,Snow Showers
02-07-2012 04:00,-1,-8.3,58,19,25,101.03,Mostly Cloudy
02-07-2012 05:00,-1.9,-8.4,61,15,25,101.14,Mainly Clear
02-07-2012 06:00,-2.9,-8.8,64,20,25,101.27,Mostly Cloudy
02-07-2012 07:00,-5.5,-12.6,57,17,24.1,101.39,Mainly Clear
02-07-2012 08:00,-6.1,-12.8,59,17,24.1,101.53,Mainly Clear
02-07-2012 09:00,-6.2,-13.3,57,19,24.1,101.64,Mainly Clear
02-07-2012 10:00,-6.2,-13.4,57,19,24.1,101.69,Mainly Clear
02-07-2012 11:00,-6,-13.7,54,11,24.1,101.74,Mainly Clear
02-07-2012 12:00,-5.6,-13.1,55,13,24.1,101.73,Mainly Clear
02-07-2012 13:00,-5.2,-14.3,49,15,24.1,101.73,Clear
02-07-2012 14:00,-5.1,-15.1,45,15,24.1,101.79,Clear
02-07-2012 15:00,-4.8,-15.4,43,19,24.1,101.85,Clear
02-07-2012 16:00,-5,-16.4,40,22,24.1,101.88,Clear
02-07-2012 17:00,-5.9,-17.6,39,19,48.3,101.94,Clear
02-07-2012 18:00,-7.3,-17.4,44,11,25,102.03,Clear
02-07-2012 19:00,-8.2,-17.8,46,9,25,102.09,Clear
02-07-2012 20:00,-9.2,-18.4,47,11,25,102.12,Clear
02-07-2012 21:00,-9.6,-18.9,47,13,25,102.15,Clear
02-07-2012 22:00,-10.8,-20.1,46,9,25,102.21,Clear
02-07-2012 23:00,-11.8,-20.8,47,9,25,102.21,Clear
02-08-2012 00:00,-13.8,-21.5,52,4,25,102.21,Clear
02-08-2012 01:00,-11.9,-20.6,48,9,25,102.21,Clear
02-08-2012 02:00,-12.1,-20.4,50,6,25,102.2,Clear
02-08-2012 03:00,-12.4,-20.4,51,11,25,102.15,Clear
02-08-2012 04:00,-14,-21,55,4,25,102.13,Clear
02-08-2012 05:00,-12.6,-21.2,49,0,25,102.11,Clear
02-08-2012 06:00,-12.4,-21.1,48,9,25,102.06,Mainly Clear
02-08-2012 07:00,-11.7,-18,59,15,24.1,102.07,Mainly Clear
02-08-2012 08:00,-10.8,-17,60,13,48.3,102.09,Mainly Clear
02-08-2012 09:00,-9.6,-15.1,64,15,48.3,102.07,Mainly Clear
02-08-2012 10:00,-8.2,-14.6,60,17,48.3,102.04,Mainly Clear
02-08-2012 11:00,-6.3,-13.7,56,17,48.3,101.93,Mainly Clear
02-08-2012 12:00,-4.6,-12.9,52,20,48.3,101.76,Clear
02-08-2012 13:00,-3.3,-12.9,47,32,48.3,101.63,Clear
02-08-2012 14:00,-2.4,-12.2,47,24,48.3,101.54,Mainly Clear
02-08-2012 15:00,-1.8,-12.8,43,32,48.3,101.45,Mainly Clear
02-08-2012 16:00,-1.6,-11.9,45,22,48.3,101.37,Mainly Clear
02-08-2012 17:00,-2.1,-12,47,17,48.3,101.31,Mainly Clear
02-08-2012 18:00,-2.5,-12.6,46,19,24.1,101.27,Mainly Clear
02-08-2012 19:00,-3.2,-12.4,49,22,25,101.28,Clear
02-08-2012 20:00,-3.3,-12.1,51,22,25,101.26,Clear
02-08-2012 21:00,-3.1,-10.3,57,26,25,101.25,Mainly Clear
02-08-2012 22:00,-3.6,-8.6,68,17,25,101.22,Mainly Clear
02-08-2012 23:00,-3.6,-8.1,71,20,25,101.19,Clear
02-09-2012 00:00,-4,-8.3,72,13,25,101.17,Clear
02-09-2012 01:00,-3.4,-7.9,71,13,25,101.16,Clear
02-09-2012 02:00,-3.9,-8,73,11,25,101.17,Clear
02-09-2012 03:00,-3.5,-7.9,72,24,25,101.12,Clear
02-09-2012 04:00,-3.4,-8,70,26,25,101.1,Clear
02-09-2012 05:00,-4.1,-8.3,73,20,25,101.11,Clear
02-09-2012 06:00,-4.9,-8.9,73,20,25,101.13,Clear
02-09-2012 07:00,-5.4,-9.1,75,17,24.1,101.19,Mainly Clear
02-09-2012 08:00,-4.9,-8.8,74,20,24.1,101.23,Clear
02-09-2012 09:00,-3.5,-8,71,22,24.1,101.25,Mainly Clear
02-09-2012 10:00,-2.5,-7.8,67,28,24.1,101.26,Mainly Clear
02-09-2012 11:00,-1.2,-7.3,63,24,24.1,101.27,Clear
02-09-2012 12:00,-0.1,-7.3,58,24,48.3,101.19,Clear
02-09-2012 13:00,0.7,-7.1,56,26,48.3,101.13,Clear
02-09-2012 14:00,1.5,-6.3,56,30,24.1,101.05,Clear
02-09-2012 15:00,2.4,-6.2,53,24,48.3,101.03,Clear
02-09-2012 16:00,2.7,-6.5,51,22,48.3,101.01,Clear
02-09-2012 17:00,2,-6.3,54,20,48.3,101.02,Clear
02-09-2012 18:00,1.6,-6.6,54,22,24.1,101.06,Clear
02-09-2012 19:00,0.4,-5.9,63,20,25,101.1,Clear
02-09-2012 20:00,0.5,-6.6,59,17,25,101.11,Clear
02-09-2012 21:00,0.2,-5.5,65,22,25,101.13,Clear
02-09-2012 22:00,0.8,-4.7,67,28,25,101.11,Clear
02-09-2012 23:00,0.1,-4.9,69,26,25,101.1,Clear
02-10-2012 00:00,0.4,-3.5,75,22,25,101.12,Clear
02-10-2012 01:00,0.1,-4.1,73,19,25,101.13,Clear
02-10-2012 02:00,0,-4.3,73,22,25,101.15,Clear
02-10-2012 03:00,-1,-4.3,78,17,25,101.13,Clear
02-10-2012 04:00,-0.8,-4.4,77,20,25,101.1,Clear
02-10-2012 05:00,-0.8,-4.3,77,22,25,101.07,Clear
02-10-2012 06:00,-0.7,-4,78,22,25,101.07,Clear
02-10-2012 07:00,-0.5,-3.9,78,20,24.1,101.09,Mostly Cloudy
02-10-2012 08:00,-0.9,-4.2,78,17,24.1,101.12,Mostly Cloudy
02-10-2012 09:00,-0.1,-3.5,78,19,24.1,101.12,Cloudy
02-10-2012 10:00,0.9,-3.7,71,28,24.1,101.1,Mostly Cloudy
02-10-2012 11:00,1.4,-4.1,67,20,24.1,101.08,Cloudy
02-10-2012 12:00,1.4,-3.9,68,24,24.1,100.97,Cloudy
02-10-2012 13:00,1.3,-4.7,64,24,24.1,100.92,Cloudy
02-10-2012 14:00,1.1,-3.5,71,30,24.1,100.91,Cloudy
02-10-2012 15:00,1.3,-4,68,28,24.1,100.94,Cloudy
02-10-2012 16:00,1,-4.1,69,30,24.1,100.9,Cloudy
02-10-2012 17:00,0.9,-4.8,66,22,25,100.87,Cloudy
02-10-2012 18:00,0.4,-4.8,68,17,25,100.92,Cloudy
02-10-2012 19:00,0,-5.2,68,17,25,100.91,Mostly Cloudy
02-10-2012 20:00,-0.2,-5.2,69,15,25,100.88,Snow Showers
02-10-2012 21:00,-0.4,-4.7,73,13,25,100.84,Cloudy
02-10-2012 22:00,-0.7,-3,84,11,16.1,100.78,Snow
02-10-2012 23:00,-0.9,-2.4,90,6,9.7,100.76,"Snow,Fog"
02-11-2012 00:00,-1.4,-2.3,94,9,6.4,100.78,"Snow,Fog"
02-11-2012 01:00,-7.4,-8.9,89,24,3.6,100.83,Snow
02-11-2012 02:00,-8.6,-11,83,30,8,100.91,Snow
02-11-2012 03:00,-9.5,-12.4,79,22,6.4,100.93,Snow
02-11-2012 04:00,-10.8,-13.4,81,22,16.1,100.98,Snow
02-11-2012 05:00,-11.5,-14.4,79,20,16.1,100.99,Snow
02-11-2012 06:00,-12.2,-14.8,81,24,9.7,101,Snow
02-11-2012 07:00,-13,-15.7,80,20,12.9,100.96,Snow
02-11-2012 08:00,-13.7,-17.1,75,20,16.1,101.01,Snow
02-11-2012 09:00,-13.7,-19.1,64,20,24.1,101.04,Cloudy
02-11-2012 10:00,-13.4,-18.8,64,19,24.1,101.05,Snow
02-11-2012 11:00,-13.1,-18.8,62,11,24.1,101.03,Snow
02-11-2012 12:00,-12.8,-17.2,70,9,19.3,100.97,Snow
02-11-2012 13:00,-12.1,-16.4,70,7,24.1,100.85,Mostly Cloudy
02-11-2012 14:00,-11.3,-17.4,61,6,48.3,100.76,Mainly Clear
02-11-2012 15:00,-10.8,-18.8,52,11,48.3,100.73,Mainly Clear
02-11-2012 16:00,-10.4,-18.3,52,6,48.3,100.7,Mainly Clear
02-11-2012 17:00,-10.5,-17,59,4,25,100.68,Mainly Clear
02-11-2012 18:00,-12.8,-17.9,66,4,25,100.72,Clear
02-11-2012 19:00,-14,-21.2,54,7,25,100.74,Clear
02-11-2012 20:00,-14.4,-19.9,63,9,25,100.73,Clear
02-11-2012 21:00,-13.9,-18.6,68,7,25,100.71,Clear
02-11-2012 22:00,-13.5,-18.2,68,6,25,100.7,Clear
02-11-2012 23:00,-14.5,-20.8,59,13,25,100.68,Clear
02-12-2012 00:00,-15,-22.4,53,11,25,100.66,Clear
02-12-2012 01:00,-15.3,-23.1,51,11,25,100.62,Mostly Cloudy
02-12-2012 02:00,-15.9,-23.7,51,6,25,100.6,Clear
02-12-2012 03:00,-16.8,-23.9,54,9,25,100.57,Mainly Clear
02-12-2012 04:00,-16.6,-23.8,54,11,25,100.6,Cloudy
02-12-2012 05:00,-16.4,-22.8,58,11,25,100.59,Snow
02-12-2012 06:00,-16.7,-23.3,57,15,25,100.6,Snow
02-12-2012 07:00,-16.7,-23.5,56,19,24.1,100.64,Snow
02-12-2012 08:00,-16.9,-24.1,54,17,24.1,100.68,Cloudy
02-12-2012 09:00,-16.7,-24.6,50,17,24.1,100.72,Snow
02-12-2012 10:00,-16.6,-25.1,48,17,48.3,100.73,Mostly Cloudy
02-12-2012 11:00,-16.1,-25.3,45,20,48.3,100.72,Mainly Clear
02-12-2012 12:00,-14.8,-23.8,46,24,48.3,100.61,Mainly Clear
02-12-2012 13:00,-13.9,-23.2,45,20,48.3,100.55,Mainly Clear
02-12-2012 14:00,-13.2,-23,44,26,48.3,100.52,Mainly Clear
02-12-2012 15:00,-12.5,-22.8,42,28,48.3,100.51,Mainly Clear
02-12-2012 16:00,-12,-21.9,44,32,48.3,100.54,Mainly Clear
02-12-2012 17:00,-12,-22.1,43,26,25,100.56,Mainly Clear
02-12-2012 18:00,-12.3,-20.1,52,24,25,100.57,Mostly Cloudy
02-12-2012 19:00,-11.9,-19.3,54,24,25,100.58,Mostly Cloudy
02-12-2012 20:00,-11.3,-18.9,53,22,25,100.58,Cloudy
02-12-2012 21:00,-10.8,-18.8,52,24,25,100.55,Cloudy
02-12-2012 22:00,-10.6,-17.9,55,26,25,100.55,Cloudy
02-12-2012 23:00,-10.3,-17.3,56,20,25,100.53,Cloudy
03-01-2012 00:00,-5.5,-9.7,72,24,4,100.97,Snow
03-01-2012 01:00,-5.7,-8.7,79,26,2.4,100.87,Snow
03-01-2012 02:00,-5.4,-8.3,80,28,4.8,100.8,Snow
03-01-2012 03:00,-4.7,-7.7,79,28,4,100.69,Snow
03-01-2012 04:00,-5.4,-7.8,83,35,1.6,100.62,Snow
03-01-2012 05:00,-5.3,-7.9,82,33,2.4,100.58,Snow
03-01-2012 06:00,-5.2,-7.8,82,33,4,100.57,Snow
03-01-2012 07:00,-4.9,-7.4,83,30,1.6,100.59,Snow
03-01-2012 08:00,-5,-7.5,83,32,1.2,100.59,Snow
03-01-2012 09:00,-4.9,-7.5,82,32,1.6,100.6,Snow
03-01-2012 10:00,-4.7,-7.3,82,32,1.2,100.62,Snow
03-01-2012 11:00,-4.4,-6.8,83,28,1,100.66,Snow
03-01-2012 12:00,-4.3,-6.8,83,30,1.2,100.66,Snow
03-01-2012 13:00,-4.3,-6.9,82,28,1.2,100.65,Snow
03-01-2012 14:00,-3.9,-6.6,81,28,1.2,100.67,Snow
03-01-2012 15:00,-3.3,-6.2,80,24,1.6,100.71,Snow
03-01-2012 16:00,-2.7,-5.7,80,19,2.4,100.74,Snow
03-01-2012 17:00,-2.9,-5.9,80,20,4,100.8,Snow
03-01-2012 18:00,-3,-6,80,19,4,100.87,Snow
03-01-2012 19:00,-3.6,-6.4,81,17,3.2,100.93,Snow
03-01-2012 20:00,-3.7,-6.4,81,20,4.8,100.95,Snow
03-01-2012 21:00,-3.9,-6.7,81,22,6.4,100.98,Snow
03-01-2012 22:00,-4.3,-6.9,82,22,2.4,101,Snow
03-01-2012 23:00,-4.3,-7.1,81,22,4.8,101.04,Snow
03-02-2012 00:00,-4.8,-7.3,83,22,3.2,101.04,Snow
03-02-2012 01:00,-5.3,-7.9,82,20,4.8,101.09,Snow
03-02-2012 02:00,-5.2,-7.8,82,19,6.4,101.11,Snow
03-02-2012 03:00,-5.5,-7.9,83,19,4.8,101.15,Snow
03-02-2012 04:00,-5.6,-8.2,82,24,6.4,101.15,Snow
03-02-2012 05:00,-5.5,-8.3,81,19,12.9,101.15,Snow
03-02-2012 06:00,-5.6,-8.6,79,19,16.1,101.14,Snow
03-02-2012 07:00,-5.7,-8.7,79,22,24.1,101.17,Cloudy
03-02-2012 08:00,-5.7,-8.8,79,17,24.1,101.2,Snow
03-02-2012 09:00,-6.1,-8.4,84,13,2,101.19,Snow
03-02-2012 10:00,-5.9,-8.3,83,15,4,101.22,Snow
03-02-2012 11:00,-5.5,-7.5,86,15,2.8,101.21,Snow
03-02-2012 12:00,-5.2,-7.1,86,13,2.4,101.18,"Freezing Drizzle,Snow"
03-02-2012 13:00,-4.6,-6.5,87,13,4.8,101.09,Snow
03-02-2012 14:00,-4.1,-6.1,86,15,8,101.03,Fog
03-02-2012 15:00,-3.3,-5.7,83,15,11.3,100.98,Cloudy
03-02-2012 16:00,-2.9,-5.3,83,15,11.3,100.93,Cloudy
03-02-2012 17:00,-2.7,-5.1,84,15,12.9,100.89,Cloudy
03-02-2012 18:00,-2.4,-4.8,84,20,12.9,100.81,Cloudy
03-02-2012 19:00,-1.8,-4.2,84,17,16.1,100.75,Cloudy
03-02-2012 20:00,-2.3,-4.7,84,15,16.1,100.74,Cloudy
03-02-2012 21:00,-1.4,-4,82,15,19.3,100.62,Cloudy
03-02-2012 22:00,0.2,-4.2,72,13,25,100.49,Cloudy
03-02-2012 23:00,0.5,-3.6,74,17,25,100.29,Cloudy
03-03-2012 00:00,1,-3.2,73,22,25,100.12,Cloudy
03-03-2012 01:00,1.2,-2.8,75,19,25,99.96,Snow
03-03-2012 02:00,-0.6,-2.9,84,19,2.4,99.75,Snow
03-03-2012 03:00,-0.3,-2.4,86,22,2.8,99.55,Snow
03-03-2012 04:00,0.3,-1.7,86,24,11.3,99.4,"Snow,Ice Pellets"
03-03-2012 05:00,0.8,-1.5,85,41,19.3,99.18,Cloudy
03-03-2012 06:00,1.5,-1.6,80,43,25,99.02,Mainly Clear
03-03-2012 07:00,2,-1.6,77,41,24.1,98.89,Mostly Cloudy
03-03-2012 08:00,2.7,-1.5,74,32,24.1,98.79,Mostly Cloudy
03-03-2012 09:00,3,-1,75,37,24.1,98.7,Cloudy
03-03-2012 10:00,3.7,0.4,79,15,24.1,98.86,Cloudy
03-03-2012 11:00,4,-0.7,71,32,24.1,98.82,Rain Showers
03-03-2012 12:00,5.2,-3,55,37,48.3,98.82,Mostly Cloudy
03-03-2012 13:00,5.8,-4,49,50,48.3,98.73,Mostly Cloudy
03-03-2012 14:00,6.5,-5.5,42,48,48.3,98.68,Mostly Cloudy
03-03-2012 15:00,5.3,-5.6,45,57,24.1,98.67,Mostly Cloudy
03-03-2012 16:00,5,-5,48,63,48.3,98.67,Mainly Clear
03-03-2012 17:00,4.3,-4.9,51,57,48.3,98.71,Mainly Clear
03-03-2012 18:00,3.7,-4.3,56,48,25,98.82,Mostly Cloudy
03-03-2012 19:00,3.4,-4,58,44,25,98.92,Mainly Clear
03-03-2012 20:00,3.2,-3.9,60,50,25,98.96,Mainly Clear
03-03-2012 21:00,2.9,-3.6,62,46,25,98.98,Snow
03-03-2012 22:00,2.8,-3.4,64,57,25,99.07,Snow
03-03-2012 23:00,2.3,-3.1,67,33,25,99.18,Snow
03-04-2012 00:00,0.5,-4.8,68,32,25,99.34,Mostly Cloudy
03-04-2012 01:00,-0.8,-6,68,24,25,99.46,Mostly Cloudy
03-04-2012 02:00,-1.8,-7.8,64,26,25,99.56,Mostly Cloudy
03-04-2012 03:00,-2.1,-8.2,63,19,25,99.63,Mostly Cloudy
03-04-2012 04:00,-2.9,-9,63,20,25,99.7,Mostly Cloudy
03-04-2012 05:00,-4.3,-10.5,62,19,25,99.77,Cloudy
03-04-2012 06:00,-4.8,-11.6,59,17,25,99.84,Mostly Cloudy
03-04-2012 07:00,-5.7,-12.6,58,22,24.1,99.88,Mostly Cloudy
03-04-2012 08:00,-5.9,-13.8,54,13,24.1,99.97,Mostly Cloudy
03-04-2012 09:00,-6.3,-13.5,57,15,24.1,99.95,Cloudy
03-04-2012 10:00,-6.3,-13.5,57,17,24.1,99.95,Cloudy
03-04-2012 11:00,-6.5,-14,55,17,24.1,99.96,Cloudy
03-04-2012 12:00,-5.8,-12.9,57,19,48.3,99.95,Mostly Cloudy
03-04-2012 13:00,-5.5,-12.8,56,19,48.3,99.88,Mainly Clear
03-04-2012 14:00,-5.7,-13.4,55,19,48.3,99.9,Mostly Cloudy
03-04-2012 15:00,-5.6,-13.5,54,22,48.3,99.9,Mostly Cloudy
03-04-2012 16:00,-5.5,-13.3,54,20,48.3,99.93,Mainly Clear
03-04-2012 17:00,-6.9,-14.6,54,22,48.3,99.94,Mainly Clear
03-04-2012 18:00,-7.9,-15.7,53,28,25,100.04,Mainly Clear
03-04-2012 19:00,-7.9,-15.5,54,22,25,100.09,Mostly Cloudy
03-04-2012 20:00,-8.5,-14.6,61,24,25,100.13,Cloudy
03-04-2012 21:00,-9,-13.7,69,15,25,100.18,Snow Showers
03-04-2012 22:00,-10.1,-15.5,65,17,25,100.21,Cloudy
03-04-2012 23:00,-11.1,-16.3,65,24,25,100.23,Mostly Cloudy
03-05-2012 00:00,-12.4,-17.4,66,19,25,100.26,Mainly Clear
03-05-2012 01:00,-13.6,-18.5,66,24,25,100.33,Mainly Clear
03-05-2012 02:00,-14.5,-22.3,52,24,25,100.39,Clear
03-05-2012 03:00,-15,-21.5,58,22,25,100.47,Clear
03-05-2012 04:00,-15.5,-21.9,58,26,25,100.55,Clear
03-05-2012 05:00,-15.9,-22.1,59,20,25,100.69,Clear
03-05-2012 06:00,-16.2,-22.6,58,26,24.1,100.77,Mostly Cloudy
03-05-2012 07:00,-16.2,-22.3,59,22,24.1,100.88,Mostly Cloudy
03-05-2012 08:00,-15.7,-22.5,56,24,24.1,101,Mostly Cloudy
03-05-2012 09:00,-15.1,-22.1,55,24,24.1,101.11,Mostly Cloudy
03-05-2012 10:00,-14.4,-21.5,55,26,24.1,101.21,Mostly Cloudy
03-05-2012 11:00,-13.4,-20.7,54,26,48.3,101.31,Mostly Cloudy
03-05-2012 12:00,-12.2,-19.9,53,6,48.3,101.39,Mostly Cloudy
03-05-2012 13:00,-11.3,-19.5,51,24,48.3,101.46,Mostly Cloudy
03-05-2012 14:00,-10.8,-19.8,47,28,48.3,101.55,Mostly Cloudy
03-05-2012 15:00,-10,-18.6,49,30,48.3,101.64,Mostly Cloudy
03-05-2012 16:00,-9.9,-18.9,48,26,48.3,101.73,Mostly Cloudy
03-05-2012 17:00,-9.5,-18.8,47,24,48.3,101.82,Mainly Clear
03-05-2012 18:00,-9.8,-19,47,22,25,101.9,Mainly Clear
03-05-2012 19:00,-10.1,-19.1,48,20,25,102.01,Clear
03-05-2012 20:00,-10.5,-19.2,49,17,25,102.11,Mainly Clear
03-05-2012 21:00,-11,-19.6,49,17,25,102.23,Clear
03-05-2012 22:00,-11.6,-20.2,49,15,25,102.29,Clear
03-05-2012 23:00,-12.6,-20.3,53,11,25,102.34,Clear
03-06-2012 00:00,-13.4,-20.5,55,11,25,102.41,Clear
03-06-2012 01:00,-13.4,-20.3,56,11,25,102.5,Clear
03-06-2012 02:00,-13.7,-20.7,55,4,25,102.55,Clear
03-06-2012 03:00,-14.8,-21.1,59,9,25,102.61,Clear
03-06-2012 04:00,-14.5,-21.1,57,9,25,102.7,Clear
03-06-2012 05:00,-14.6,-21,58,13,25,102.85,Clear
03-06-2012 06:00,-15.3,-21.3,60,11,24.1,102.9,Clear
03-06-2012 07:00,-14.8,-20.7,61,11,48.3,103,Clear
03-06-2012 08:00,-13,-19.4,59,0,48.3,103.06,Clear
03-06-2012 09:00,-11.3,-19.1,52,6,48.3,103.1,Clear
03-06-2012 10:00,-10,-16.8,57,9,48.3,103.12,Mainly Clear
03-06-2012 11:00,-9,-17.8,49,15,48.3,103.12,Mainly Clear
03-06-2012 12:00,-7.8,-15.3,55,13,48.3,103.09,Mainly Clear
03-06-2012 13:00,-6.7,-16,48,9,48.3,103.01,Mainly Clear
03-06-2012 14:00,-5.8,-15.8,45,9,48.3,102.98,Mainly Clear
03-06-2012 15:00,-5.3,-15.7,44,6,48.3,102.96,Mainly Clear
03-06-2012 16:00,-4.9,-16.2,41,11,48.3,102.94,Mainly Clear
03-06-2012 17:00,-4.8,-15.1,44,6,48.3,102.9,Mainly Clear
03-06-2012 18:00,-6.3,-14.6,52,6,48.3,102.84,Mainly Clear
03-06-2012 19:00,-5.4,-13.4,53,11,25,102.81,Mostly Cloudy
03-06-2012 20:00,-5.3,-13.6,52,9,25,102.72,Mainly Clear
03-06-2012 21:00,-5.4,-14.4,49,9,25,102.69,Mostly Cloudy
03-06-2012 22:00,-5,-15.1,45,9,25,102.59,Mostly Cloudy
03-06-2012 23:00,-4.5,-15.7,41,6,25,102.55,Mostly Cloudy
03-07-2012 00:00,-3.6,-13.3,47,6,25,102.44,Mostly Cloudy
03-07-2012 01:00,-3.9,-11.3,56,9,25,102.46,Mostly Cloudy
03-07-2012 02:00,-5.7,-11.9,62,17,25,102.37,Cloudy
03-07-2012 03:00,-5.3,-11.6,61,13,25,102.22,Cloudy
03-07-2012 04:00,-5.2,-11.2,63,15,25,102.16,Cloudy
03-07-2012 05:00,-5.3,-11.2,63,17,25,102.13,Mostly Cloudy
03-07-2012 06:00,-4.3,-10.3,63,15,24.1,101.98,Cloudy
03-07-2012 07:00,-3.9,-9.2,67,11,48.3,101.92,Cloudy
03-07-2012 08:00,-4.6,-9.5,69,11,48.3,101.91,Mostly Cloudy
03-07-2012 09:00,-2.5,-7.7,67,11,24.1,101.85,Clear
03-07-2012 10:00,-0.1,-6.5,62,6,24.1,101.76,Clear
03-07-2012 11:00,3,-4.7,57,6,24.1,101.67,Mainly Clear
03-07-2012 12:00,6.4,-3.6,49,4,24.1,101.58,Mainly Clear
03-07-2012 13:00,8.9,-4.4,39,13,24.1,101.49,Mainly Clear
03-07-2012 14:00,9.3,-4.1,39,13,24.1,101.41,Mainly Clear
03-07-2012 15:00,9.7,-2.7,42,13,24.1,101.36,Mainly Clear
03-07-2012 16:00,11.4,-2.3,38,15,24.1,101.31,Mostly Cloudy
03-07-2012 17:00,9.9,-1.9,44,9,24.1,101.25,Mostly Cloudy
03-07-2012 18:00,5.5,-1.6,60,7,24.1,101.25,Mainly Clear
03-07-2012 19:00,6,-1.8,57,11,25,101.22,Mostly Cloudy
03-07-2012 20:00,7.6,-2.1,50,20,25,101.18,Mostly Cloudy
03-07-2012 21:00,6.8,-2.1,53,22,25,101.16,Mostly Cloudy
03-07-2012 22:00,6,-1.7,58,17,25,101.12,Cloudy
03-07-2012 23:00,4.8,-1.7,63,15,25,101.05,Cloudy
03-08-2012 00:00,6.2,-1.5,58,20,25,100.98,Cloudy
03-08-2012 01:00,5.5,-1.4,61,11,25,100.92,Cloudy
03-08-2012 02:00,7.9,-1.2,53,17,25,100.81,Mostly Cloudy
03-08-2012 03:00,10.1,-0.9,46,24,25,100.69,Mostly Cloudy
03-08-2012 04:00,10,-0.7,47,28,25,100.64,Mostly Cloudy
03-08-2012 05:00,5.7,-0.8,63,19,25,100.57,Mostly Cloudy
03-08-2012 06:00,7.6,-0.4,57,19,24.1,100.52,Cloudy
03-08-2012 07:00,10.3,0.8,52,26,48.3,100.47,Cloudy
03-08-2012 08:00,6.7,0.2,63,19,48.3,100.39,Cloudy
03-08-2012 09:00,10.2,1.6,55,26,48.3,100.29,Cloudy
03-08-2012 10:00,12.1,2.9,53,30,24.1,100.22,Cloudy
03-08-2012 11:00,12.7,3.8,55,26,24.1,100.13,Cloudy
03-08-2012 12:00,11.7,4,59,20,24.1,100.08,Rain
03-08-2012 13:00,11.5,5.2,65,20,24.1,99.99,Cloudy
03-08-2012 14:00,11.7,5.9,68,26,24.1,99.88,Cloudy
03-08-2012 15:00,11.7,6.6,71,37,19.3,99.82,Rain
03-08-2012 16:00,11.6,6.4,70,32,24.1,99.75,Rain
03-08-2012 17:00,11.3,6.9,74,37,19.3,99.66,Rain
03-08-2012 18:00,10.5,7.8,83,46,6.4,99.64,Rain
03-08-2012 19:00,6.1,3.2,82,30,16.1,99.78,Rain
03-08-2012 20:00,5,1.6,79,41,25,99.9,Rain
03-08-2012 21:00,3.7,1,82,41,12.9,100.04,Rain
03-08-2012 22:00,2,-0.5,83,46,9.7,100.13,"Rain,Fog"
03-08-2012 23:00,0.8,-1.4,85,35,2.4,100.25,Snow
03-09-2012 00:00,-0.1,-2,87,28,2.8,100.33,Snow
03-09-2012 01:00,0,-3.7,76,22,25,100.41,Mostly Cloudy
03-09-2012 02:00,-1.2,-6.6,67,20,25,100.62,Mainly Clear
03-09-2012 03:00,-2.6,-8.5,64,24,25,100.81,Mainly Clear
03-09-2012 04:00,-3.9,-8.7,69,11,25,100.97,Mainly Clear
03-09-2012 05:00,-3.9,-9.1,67,20,25,101.13,Mainly Clear
03-09-2012 06:00,-4.3,-9,70,15,25,101.26,Mainly Clear
03-09-2012 07:00,-5,-9.7,70,15,24.1,101.31,Clear
03-09-2012 08:00,-4.7,-10.2,65,15,24.1,101.41,Clear
03-09-2012 09:00,-4,-9.5,66,20,24.1,101.46,Clear
03-09-2012 10:00,-3.7,-10.1,61,19,48.3,101.48,Mainly Clear
03-09-2012 11:00,-3,-10,58,17,48.3,101.47,Mainly Clear
03-09-2012 12:00,-2.1,-8.5,62,20,48.3,101.44,Mainly Clear
03-09-2012 13:00,-1.5,-8.8,57,15,48.3,101.42,Mainly Clear
03-09-2012 14:00,-1,-7.6,61,19,48.3,101.43,Mainly Clear
03-09-2012 15:00,-1.1,-7.9,60,17,48.3,101.45,Mostly Cloudy
03-09-2012 16:00,-0.7,-8.4,56,11,48.3,101.44,Mostly Cloudy
03-09-2012 17:00,-0.9,-7.9,59,7,48.3,101.47,Mostly Cloudy
03-09-2012 18:00,-2,-8.7,60,7,25,101.52,Mainly Clear
03-09-2012 19:00,-2.6,-8.2,65,4,25,101.57,Mostly Cloudy
03-09-2012 20:00,-2,-9,59,4,25,101.61,Mostly Cloudy
03-09-2012 21:00,-1.9,-8.6,60,6,25,101.63,Mostly Cloudy
03-09-2012 22:00,-2.2,-8.9,60,7,25,101.64,Mostly Cloudy
03-09-2012 23:00,-2.6,-8.6,63,6,25,101.68,Cloudy
03-10-2012 00:00,-2.2,-8.7,61,4,25,101.77,Cloudy
03-10-2012 01:00,-2.7,-8.6,64,15,25,101.89,Cloudy
03-10-2012 02:00,-3.8,-10.6,59,19,25,102.01,Cloudy
03-10-2012 03:00,-4.1,-12.7,51,24,25,102.1,Cloudy
03-10-2012 04:00,-5.7,-13.1,56,26,25,102.27,Mainly Clear
03-10-2012 05:00,-6.4,-14,55,20,25,102.42,Mainly Clear
03-10-2012 06:00,-6.8,-14.1,56,26,24.1,102.6,Mostly Cloudy
03-10-2012 07:00,-7.1,-14.6,55,20,48.3,102.73,Mainly Clear
03-10-2012 08:00,-6.8,-14.6,54,19,48.3,102.84,Mainly Clear
03-10-2012 09:00,-6.3,-14.1,54,15,48.3,102.95,Mostly Cloudy
03-10-2012 10:00,-6.1,-14.5,51,6,48.3,103.01,Mainly Clear
03-10-2012 11:00,-4,-13.2,49,0,48.3,103.02,Mainly Clear
03-10-2012 12:00,-4.1,-12.1,54,7,48.3,102.99,Clear
03-10-2012 13:00,-3.2,-11.3,53,7,48.3,102.89,Mainly Clear
03-10-2012 14:00,-2.6,-11.1,52,15,48.3,102.84,Mostly Cloudy
03-10-2012 15:00,-2.7,-10.2,56,11,48.3,102.75,Mostly Cloudy
03-10-2012 16:00,-1.8,-10.3,52,13,48.3,102.71,Mainly Clear
03-10-2012 17:00,-1.6,-10,53,17,48.3,102.68,Mainly Clear
03-10-2012 18:00,-2.1,-10.1,54,9,25,102.66,Mainly Clear
03-10-2012 19:00,-1.9,-9.4,56,9,25,102.67,Mainly Clear
03-10-2012 20:00,-2.3,-8,65,11,25,102.6,Mostly Cloudy
03-10-2012 21:00,-2.3,-8.1,64,11,25,102.54,Mostly Cloudy
03-10-2012 22:00,-2,-7.1,68,11,25,102.5,Snow Showers
03-10-2012 23:00,-1.7,-7.1,67,7,25,102.45,Cloudy
03-11-2012 00:00,-3.1,-7.2,73,7,25,102.36,Mainly Clear
03-11-2012 01:00,-3.2,-6.9,76,7,25,102.28,Mainly Clear
03-11-2012 02:00,-3.1,-7.1,74,7,25,102.18,Mainly Clear
03-11-2012 03:00,-2.2,-7,70,17,25,102.05,Cloudy
03-11-2012 04:00,-1.7,-6.9,68,13,25,102.02,Cloudy
03-11-2012 05:00,-2.1,-7,69,11,25,101.98,Mainly Clear
03-11-2012 06:00,-1.5,-6.7,68,7,48.3,101.98,Cloudy
03-11-2012 07:00,-1.8,-6.9,68,11,48.3,101.97,Clear
03-11-2012 08:00,0.1,-6.2,63,7,48.3,102,Clear
03-11-2012 09:00,2.7,-5.9,53,7,48.3,101.98,Mainly Clear
03-11-2012 10:00,3.8,-5.7,50,13,48.3,101.97,Clear
03-11-2012 11:00,5.9,-4.2,48,11,48.3,101.92,Clear
03-11-2012 12:00,6.8,-3.2,49,24,48.3,101.86,Clear
03-11-2012 13:00,9,-1.9,46,20,48.3,101.79,Clear
03-11-2012 14:00,9.5,-1.6,46,24,48.3,101.74,Clear
03-11-2012 15:00,10.5,-1.3,44,20,48.3,101.69,Clear
03-11-2012 16:00,10.9,-0.7,45,15,48.3,101.65,Clear
03-11-2012 17:00,10.7,-0.6,45,11,48.3,101.65,Clear
03-11-2012 18:00,9.1,-1,49,7,25,101.68,Clear
03-11-2012 19:00,7.4,-1.2,54,6,25,101.69,Clear
03-11-2012 20:00,4.8,-1.5,64,9,48.3,101.7,Clear
03-11-2012 21:00,4.8,-1.6,63,13,25,101.72,Mainly Clear
03-11-2012 22:00,5.2,-1.9,60,6,25,101.72,Clear
03-11-2012 23:00,6.1,-2,56,7,25,101.75,Clear
03-12-2012 00:00,6,-1.8,57,20,25,101.77,Clear
03-12-2012 01:00,5.2,-1.8,61,17,25,101.77,Mainly Clear
03-12-2012 02:00,4.6,-2.1,62,9,25,101.77,Mainly Clear
03-12-2012 03:00,1.5,-2.8,73,11,25,101.78,Mainly Clear
03-12-2012 04:00,1.8,-2.6,73,4,25,101.8,Mainly Clear
03-12-2012 05:00,2.3,-1.9,74,9,25,101.82,Clear
03-12-2012 06:00,3.1,-1.8,70,11,48.3,101.89,Clear
03-12-2012 07:00,2.6,-2.3,70,4,48.3,101.98,Mainly Clear
03-12-2012 08:00,4.4,-1,68,6,48.3,102.03,Mainly Clear
03-12-2012 09:00,6.5,-0.2,62,0,48.3,102.03,Mostly Cloudy
03-12-2012 10:00,8.3,0.2,57,9,24.1,102,Cloudy
03-12-2012 11:00,10.6,0.3,49,6,24.1,101.99,Cloudy
03-12-2012 12:00,10.8,0.4,49,9,48.3,101.94,Mostly Cloudy
03-12-2012 13:00,11.6,0.6,47,13,48.3,101.84,Mostly Cloudy
03-12-2012 14:00,12.3,1.4,47,6,48.3,101.79,Mostly Cloudy
03-12-2012 15:00,12.4,0.6,44,4,48.3,101.71,Cloudy
03-12-2012 16:00,11.8,1.2,48,4,25,101.64,Cloudy
03-12-2012 17:00,11.6,1,48,6,24.1,101.57,Cloudy
03-12-2012 18:00,9,1.1,58,13,25,101.54,Cloudy
03-12-2012 19:00,8.7,1.1,59,13,25,101.5,Cloudy
03-12-2012 20:00,9.2,1.4,58,13,25,101.44,Cloudy
03-12-2012 21:00,8.4,1,60,13,25,101.39,Mostly Cloudy
03-12-2012 22:00,7.9,0.7,60,11,25,101.35,Mostly Cloudy
03-12-2012 23:00,6.6,-0.3,61,11,25,101.22,Mostly Cloudy
